The_Village_in_the_Treetops	The_Village_in_the_Treetops
The_Village_in_the_Treetops	fr
The_Village_in_the_Treetops	Le Village aérien
The_Village_in_the_Treetops	Twenty_Thousand_Leagues_Under_the_Sea
The_Village_in_the_Treetops	Vingt mille lieues sous les mers
The_Village_in_the_Treetops	Twenty_Years_After
The_Village_in_the_Treetops	Vingt ans après
fr	The_Village_in_the_Treetops
fr	fr
fr	Le Village aérien
fr	Twenty_Thousand_Leagues_Under_the_Sea
fr	Vingt mille lieues sous les mers
fr	Twenty_Years_After
fr	Vingt ans après
Le Village aérien	The_Village_in_the_Treetops
Le Village aérien	fr
Le Village aérien	Le Village aérien
Le Village aérien	Twenty_Thousand_Leagues_Under_the_Sea
Le Village aérien	Vingt mille lieues sous les mers
Le Village aérien	Twenty_Years_After
Le Village aérien	Vingt ans après
Thus_Spoke_Zarathustra	Thus_Spoke_Zarathustra
Thus_Spoke_Zarathustra	de
Thus_Spoke_Zarathustra	Also sprach Zarathustra
Thus_Spoke_Zarathustra	Twilight_of_the_Idols
Thus_Spoke_Zarathustra	Götzen-Dämmerung
de	Thus_Spoke_Zarathustra
de	de
de	Also sprach Zarathustra
de	Twilight_of_the_Idols
de	Götzen-Dämmerung
Also sprach Zarathustra	Thus_Spoke_Zarathustra
Also sprach Zarathustra	de
Also sprach Zarathustra	Also sprach Zarathustra
Also sprach Zarathustra	Twilight_of_the_Idols
Also sprach Zarathustra	Götzen-Dämmerung
True_History	True_History
True_History	el
True_History	Αληθής Ιστορία
True_History	True History
el	True_History
el	el
el	Αληθής Ιστορία
el	True History
Αληθής Ιστορία	True_History
Αληθής Ιστορία	el
Αληθής Ιστορία	Αληθής Ιστορία
Αληθής Ιστορία	True History
True History	True_History
True History	el
True History	Αληθής Ιστορία
True History	True History
Twenty_Thousand_Leagues_Under_the_Sea	The_Village_in_the_Treetops
Twenty_Thousand_Leagues_Under_the_Sea	fr
Twenty_Thousand_Leagues_Under_the_Sea	Le Village aérien
Twenty_Thousand_Leagues_Under_the_Sea	Twenty_Thousand_Leagues_Under_the_Sea
Twenty_Thousand_Leagues_Under_the_Sea	Vingt mille lieues sous les mers
Twenty_Thousand_Leagues_Under_the_Sea	Twenty_Years_After
Twenty_Thousand_Leagues_Under_the_Sea	Vingt ans après
Vingt mille lieues sous les mers	The_Village_in_the_Treetops
Vingt mille lieues sous les mers	fr
Vingt mille lieues sous les mers	Le Village aérien
Vingt mille lieues sous les mers	Twenty_Thousand_Leagues_Under_the_Sea
Vingt mille lieues sous les mers	Vingt mille lieues sous les mers
Vingt mille lieues sous les mers	Twenty_Years_After
Vingt mille lieues sous les mers	Vingt ans après
Twenty_Years_After	The_Village_in_the_Treetops
Twenty_Years_After	fr
Twenty_Years_After	Le Village aérien
Twenty_Years_After	Twenty_Thousand_Leagues_Under_the_Sea
Twenty_Years_After	Vingt mille lieues sous les mers
Twenty_Years_After	Twenty_Years_After
Twenty_Years_After	Vingt ans après
Vingt ans après	The_Village_in_the_Treetops
Vingt ans après	fr
Vingt ans après	Le Village aérien
Vingt ans après	Twenty_Thousand_Leagues_Under_the_Sea
Vingt ans après	Vingt mille lieues sous les mers
Vingt ans après	Twenty_Years_After
Vingt ans après	Vingt ans après
Twilight_of_the_Idols	Thus_Spoke_Zarathustra
Twilight_of_the_Idols	de
Twilight_of_the_Idols	Also sprach Zarathustra
Twilight_of_the_Idols	Twilight_of_the_Idols
Twilight_of_the_Idols	Götzen-Dämmerung
Götzen-Dämmerung	Thus_Spoke_Zarathustra
Götzen-Dämmerung	de
Götzen-Dämmerung	Also sprach Zarathustra
Götzen-Dämmerung	Twilight_of_the_Idols
Götzen-Dämmerung	Götzen-Dämmerung
Water_Margin	Water_Margin
Water_Margin	zh
Water_Margin	水滸傳
zh	Water_Margin
zh	zh
zh	水滸傳
水滸傳	Water_Margin
水滸傳	zh
水滸傳	水滸傳
Who%3F_%28novel%29	Who%3F_%28novel%29
Who%3F_%28novel%29	Algis_Budrys
Who%3F_%28novel%29	John_Gould
Algis_Budrys	Who%3F_%28novel%29
Algis_Budrys	Algis_Budrys
Algis_Budrys	John_Gould
John_Gould	Who%3F_%28novel%29
John_Gould	Algis_Budrys
John_Gould	John_Gould
The_Tin_Woodman_of_Oz	The_Tin_Woodman_of_Oz
The_Tin_Woodman_of_Oz	1918
1918	The_Tin_Woodman_of_Oz
1918	1918
The_Voyage_of_the_Dawn_Treader	The_Voyage_of_the_Dawn_Treader
The_Voyage_of_the_Dawn_Treader	2005
The_Voyage_of_the_Dawn_Treader	We_Need_to_Talk_About_Kevin
2005	The_Voyage_of_the_Dawn_Treader
2005	2005
2005	We_Need_to_Talk_About_Kevin
The_Wonderful_Wizard_of_Oz	The_Wonderful_Wizard_of_Oz
The_Wonderful_Wizard_of_Oz	1900
1900	The_Wonderful_Wizard_of_Oz
1900	1900
Tik-Tok_of_Oz	Tik-Tok_of_Oz
Tik-Tok_of_Oz	1914
1914	Tik-Tok_of_Oz
1914	1914
Vengeance_%28novel%29	Vengeance_%28novel%29
Vengeance_%28novel%29	2008
2008	Vengeance_%28novel%29
2008	2008
Vestiges_of_the_Natural_History_of_Creation	Vestiges_of_the_Natural_History_of_Creation
Vestiges_of_the_Natural_History_of_Creation	1845
Vestiges_of_the_Natural_History_of_Creation	1879
Vestiges_of_the_Natural_History_of_Creation	1844
Vestiges_of_the_Natural_History_of_Creation	1853
Vestiges_of_the_Natural_History_of_Creation	1860
Vestiges_of_the_Natural_History_of_Creation	1884
Vestiges_of_the_Natural_History_of_Creation	1890
Vestiges_of_the_Natural_History_of_Creation	1859
Vestiges_of_the_Natural_History_of_Creation	1861
Vestiges_of_the_Natural_History_of_Creation	1883
Vestiges_of_the_Natural_History_of_Creation	1994
Vestiges_of_the_Natural_History_of_Creation	2001
Vestiges_of_the_Natural_History_of_Creation	2004
1845	Vestiges_of_the_Natural_History_of_Creation
1845	1845
1845	1879
1845	1844
1845	1853
1845	1860
1845	1884
1845	1890
1845	1859
1845	1861
1845	1883
1845	1994
1845	2001
1845	2004
1879	Vestiges_of_the_Natural_History_of_Creation
1879	1845
1879	1879
1879	1844
1879	1853
1879	1860
1879	1884
1879	1890
1879	1859
1879	1861
1879	1883
1879	1994
1879	2001
1879	2004
1844	Vestiges_of_the_Natural_History_of_Creation
1844	1845
1844	1879
1844	1844
1844	1853
1844	1860
1844	1884
1844	1890
1844	1859
1844	1861
1844	1883
1844	1994
1844	2001
1844	2004
1853	Vestiges_of_the_Natural_History_of_Creation
1853	1845
1853	1879
1853	1844
1853	1853
1853	1860
1853	1884
1853	1890
1853	1859
1853	1861
1853	1883
1853	1994
1853	2001
1853	2004
1860	Vestiges_of_the_Natural_History_of_Creation
1860	1845
1860	1879
1860	1844
1860	1853
1860	1860
1860	1884
1860	1890
1860	1859
1860	1861
1860	1883
1860	1994
1860	2001
1860	2004
1884	Vestiges_of_the_Natural_History_of_Creation
1884	1845
1884	1879
1884	1844
1884	1853
1884	1860
1884	1884
1884	1890
1884	1859
1884	1861
1884	1883
1884	1994
1884	2001
1884	2004
1890	Vestiges_of_the_Natural_History_of_Creation
1890	1845
1890	1879
1890	1844
1890	1853
1890	1860
1890	1884
1890	1890
1890	1859
1890	1861
1890	1883
1890	1994
1890	2001
1890	2004
1859	Vestiges_of_the_Natural_History_of_Creation
1859	1845
1859	1879
1859	1844
1859	1853
1859	1860
1859	1884
1859	1890
1859	1859
1859	1861
1859	1883
1859	1994
1859	2001
1859	2004
1861	Vestiges_of_the_Natural_History_of_Creation
1861	1845
1861	1879
1861	1844
1861	1853
1861	1860
1861	1884
1861	1890
1861	1859
1861	1861
1861	1883
1861	1994
1861	2001
1861	2004
1883	Vestiges_of_the_Natural_History_of_Creation
1883	1845
1883	1879
1883	1844
1883	1853
1883	1860
1883	1884
1883	1890
1883	1859
1883	1861
1883	1883
1883	1994
1883	2001
1883	2004
1994	Vestiges_of_the_Natural_History_of_Creation
1994	1845
1994	1879
1994	1844
1994	1853
1994	1860
1994	1884
1994	1890
1994	1859
1994	1861
1994	1883
1994	1994
1994	2001
1994	2004
2001	Vestiges_of_the_Natural_History_of_Creation
2001	1845
2001	1879
2001	1844
2001	1853
2001	1860
2001	1884
2001	1890
2001	1859
2001	1861
2001	1883
2001	1994
2001	2001
2001	2004
2004	Vestiges_of_the_Natural_History_of_Creation
2004	1845
2004	1879
2004	1844
2004	1853
2004	1860
2004	1884
2004	1890
2004	1859
2004	1861
2004	1883
2004	1994
2004	2001
2004	2004
Washington%27s_Crossing_%28book%29	Washington%27s_Crossing_%28book%29
Washington%27s_Crossing_%28book%29	1851
1851	Washington%27s_Crossing_%28book%29
1851	1851
The_Underground_%28Left_Behind:_The_Kids%29	The_Underground_%28Left_Behind:_The_Kids%29
The_Underground_%28Left_Behind:_The_Kids%29	1999
1999	The_Underground_%28Left_Behind:_The_Kids%29
1999	1999
The_Tiger_Rising	The_Tiger_Rising
The_Tiger_Rising	2001_in_literature
The_Tiger_Rising	True_History_of_the_Kelly_Gang
2001_in_literature	The_Tiger_Rising
2001_in_literature	2001_in_literature
2001_in_literature	True_History_of_the_Kelly_Gang
The_Time_In_Between	The_Time_In_Between
The_Time_In_Between	2005_in_literature
The_Time_In_Between	The_White_Earth
2005_in_literature	The_Time_In_Between
2005_in_literature	2005_in_literature
2005_in_literature	The_White_Earth
The_Time_We_Have_Taken	The_Time_We_Have_Taken
The_Time_We_Have_Taken	2008_in_literature
2008_in_literature	The_Time_We_Have_Taken
2008_in_literature	2008_in_literature
The_Tower_of_Zanid	The_Tower_of_Zanid
The_Tower_of_Zanid	The Tower of Zanid
The Tower of Zanid	The_Tower_of_Zanid
The Tower of Zanid	The Tower of Zanid
The_Town	The_Town
The_Town	1951_in_literature
1951_in_literature	The_Town
1951_in_literature	1951_in_literature
The_Travels_of_Jaimie_McPheeters	The_Travels_of_Jaimie_McPheeters
The_Travels_of_Jaimie_McPheeters	1959_in_literature
The_Travels_of_Jaimie_McPheeters	The_Witch_of_Blackbird_Pond
1959_in_literature	The_Travels_of_Jaimie_McPheeters
1959_in_literature	1959_in_literature
1959_in_literature	The_Witch_of_Blackbird_Pond
The_Tritonian_Ring	The_Tritonian_Ring
The_Tritonian_Ring	The Tritonian Ring
The Tritonian Ring	The_Tritonian_Ring
The Tritonian Ring	The Tritonian Ring
The_Trumpeter_of_Krakow	The_Trumpeter_of_Krakow
The_Trumpeter_of_Krakow	1929_in_literature
1929_in_literature	The_Trumpeter_of_Krakow
1929_in_literature	1929_in_literature
The_Twenty-One_Balloons	The_Twenty-One_Balloons
The_Twenty-One_Balloons	1948_in_literature
The_Twenty-One_Balloons	White_Snow%2C_Bright_Snow
1948_in_literature	The_Twenty-One_Balloons
1948_in_literature	1948_in_literature
1948_in_literature	White_Snow%2C_Bright_Snow
The_Unknown_Industrial_Prisoner	The_Unknown_Industrial_Prisoner
The_Unknown_Industrial_Prisoner	1971_in_literature
1971_in_literature	The_Unknown_Industrial_Prisoner
1971_in_literature	1971_in_literature
The_Uplift_War	The_Uplift_War
The_Uplift_War	1988_in_literature
1988_in_literature	The_Uplift_War
1988_in_literature	1988_in_literature
The_Venom_Trees_of_Sunga	The_Venom_Trees_of_Sunga
The_Venom_Trees_of_Sunga	The Venom Trees of Sunga
The Venom Trees of Sunga	The_Venom_Trees_of_Sunga
The Venom Trees of Sunga	The Venom Trees of Sunga
The_View_from_Saturday	The_View_from_Saturday
The_View_from_Saturday	1997_in_literature
1997_in_literature	The_View_from_Saturday
1997_in_literature	1997_in_literature
The_Virgin_of_Zesh	The_Virgin_of_Zesh
The_Virgin_of_Zesh	The Virgin of Zesh
The Virgin of Zesh	The_Virgin_of_Zesh
The Virgin of Zesh	The Virgin of Zesh
The_Voyages_of_Doctor_Dolittle	The_Voyages_of_Doctor_Dolittle
The_Voyages_of_Doctor_Dolittle	1923_in_literature
1923_in_literature	The_Voyages_of_Doctor_Dolittle
1923_in_literature	1923_in_literature
The_Wanderer_%28Fritz_Leiber_novel%29	The_Wanderer_%28Fritz_Leiber_novel%29
The_Wanderer_%28Fritz_Leiber_novel%29	1965_in_literature
1965_in_literature	The_Wanderer_%28Fritz_Leiber_novel%29
1965_in_literature	1965_in_literature
The_Warlord_of_Mars	The_Warlord_of_Mars
The_Warlord_of_Mars	The Warlord of Mars
The Warlord of Mars	The_Warlord_of_Mars
The Warlord of Mars	The Warlord of Mars
The_Wars	The_Wars
The_Wars	1977_in_literature
1977_in_literature	The_Wars
1977_in_literature	1977_in_literature
The_Way_West	The_Way_West
The_Way_West	1950_in_literature
1950_in_literature	The_Way_West
1950_in_literature	1950_in_literature
The_Well_%28novel%29	The_Well_%28novel%29
The_Well_%28novel%29	1986_in_literature
1986_in_literature	The_Well_%28novel%29
1986_in_literature	1986_in_literature
The_Well_Dressed_Explorer	The_Well_Dressed_Explorer
The_Well_Dressed_Explorer	1962_in_literature
The_Well_Dressed_Explorer	The_Cupboard_Under_the_Stairs
1962_in_literature	The_Well_Dressed_Explorer
1962_in_literature	1962_in_literature
1962_in_literature	The_Cupboard_Under_the_Stairs
The_Cupboard_Under_the_Stairs	The_Well_Dressed_Explorer
The_Cupboard_Under_the_Stairs	1962_in_literature
The_Cupboard_Under_the_Stairs	The_Cupboard_Under_the_Stairs
The_Westing_Game	The_Westing_Game
The_Westing_Game	1979_in_literature
1979_in_literature	The_Westing_Game
1979_in_literature	1979_in_literature
The_Wheel_on_the_School	The_Wheel_on_the_School
The_Wheel_on_the_School	1955_in_literature
The_Wheel_on_the_School	They%27d_Rather_Be_Right
1955_in_literature	The_Wheel_on_the_School
1955_in_literature	1955_in_literature
1955_in_literature	They%27d_Rather_Be_Right
The_Whipping_Boy	The_Whipping_Boy
The_Whipping_Boy	1987_in_literature
1987_in_literature	The_Whipping_Boy
1987_in_literature	1987_in_literature
The_White_Earth	The_Time_In_Between
The_White_Earth	2005_in_literature
The_White_Earth	The_White_Earth
The_White_Stag	The_White_Stag
The_White_Stag	1938_in_literature
1938_in_literature	The_White_Stag
1938_in_literature	1938_in_literature
The_Witch_of_Blackbird_Pond	The_Travels_of_Jaimie_McPheeters
The_Witch_of_Blackbird_Pond	1959_in_literature
The_Witch_of_Blackbird_Pond	The_Witch_of_Blackbird_Pond
The_Wizard_of_Lemuria	The_Wizard_of_Lemuria
The_Wizard_of_Lemuria	The Wizard of Lemuria
The Wizard of Lemuria	The_Wizard_of_Lemuria
The Wizard of Lemuria	The Wizard of Lemuria
The_Yearling	The_Yearling
The_Yearling	1939_in_literature
The_Yearling	Thimble_Summer
1939_in_literature	The_Yearling
1939_in_literature	1939_in_literature
1939_in_literature	Thimble_Summer
They%27d_Rather_Be_Right	The_Wheel_on_the_School
They%27d_Rather_Be_Right	1955_in_literature
They%27d_Rather_Be_Right	They%27d_Rather_Be_Right
They_Were_Strong_and_Good	They_Were_Strong_and_Good
They_Were_Strong_and_Good	1941_in_literature
1941_in_literature	They_Were_Strong_and_Good
1941_in_literature	1941_in_literature
Thimble_Summer	The_Yearling
Thimble_Summer	1939_in_literature
Thimble_Summer	Thimble_Summer
Thongor_of_Lemuria	Thongor_of_Lemuria
Thongor_of_Lemuria	Thongor of Lemuria
Thongor of Lemuria	Thongor_of_Lemuria
Thongor of Lemuria	Thongor of Lemuria
Three_Cheers_for_the_Paraclete	Three_Cheers_for_the_Paraclete
Three_Cheers_for_the_Paraclete	1968_in_literature
1968_in_literature	Three_Cheers_for_the_Paraclete
1968_in_literature	1968_in_literature
Thuvia%2C_Maid_of_Mars	Thuvia%2C_Maid_of_Mars
Thuvia%2C_Maid_of_Mars	Thuvia, Maid of Mars
Thuvia, Maid of Mars	Thuvia%2C_Maid_of_Mars
Thuvia, Maid of Mars	Thuvia, Maid of Mars
Time_of_Wonder	Time_of_Wonder
Time_of_Wonder	1958_in_literature
Time_of_Wonder	To_the_Islands
1958_in_literature	Time_of_Wonder
1958_in_literature	1958_in_literature
1958_in_literature	To_the_Islands
Timescape	Timescape
Timescape	1980_in_literature
1980_in_literature	Timescape
1980_in_literature	1980_in_literature
Tirra_Lirra_By_the_River	Tirra_Lirra_By_the_River
Tirra_Lirra_By_the_River	1978_in_literature
1978_in_literature	Tirra_Lirra_By_the_River
1978_in_literature	1978_in_literature
To_the_Islands	Time_of_Wonder
To_the_Islands	1958_in_literature
To_the_Islands	To_the_Islands
Tom_Cruise:_An_Unauthorized_Biography	Tom_Cruise:_An_Unauthorized_Biography
Tom_Cruise:_An_Unauthorized_Biography	2008-02-03
2008-02-03	Tom_Cruise:_An_Unauthorized_Biography
2008-02-03	2008-02-03
Trap_%28novel%29	Trap_%28novel%29
Trap_%28novel%29	1966_in_literature
1966_in_literature	Trap_%28novel%29
1966_in_literature	1966_in_literature
True_History_of_the_Kelly_Gang	The_Tiger_Rising
True_History_of_the_Kelly_Gang	2001_in_literature
True_History_of_the_Kelly_Gang	True_History_of_the_Kelly_Gang
Tuesday_%28book%29	Tuesday_%28book%29
Tuesday_%28book%29	1992_in_literature
1992_in_literature	Tuesday_%28book%29
1992_in_literature	1992_in_literature
Up_a_Road_Slowly	Up_a_Road_Slowly
Up_a_Road_Slowly	1967_in_literature
1967_in_literature	Up_a_Road_Slowly
1967_in_literature	1967_in_literature
Vernon_God_Little	Vernon_God_Little
Vernon_God_Little	2003_in_literature
2003_in_literature	Vernon_God_Little
2003_in_literature	2003_in_literature
Voss_%28novel%29	Voss_%28novel%29
Voss_%28novel%29	1957_in_literature
1957_in_literature	Voss_%28novel%29
1957_in_literature	1957_in_literature
Walk_Two_Moons	Walk_Two_Moons
Walk_Two_Moons	1995_in_literature
1995_in_literature	Walk_Two_Moons
1995_in_literature	1995_in_literature
Wall_of_Serpents	Wall_of_Serpents
Wall_of_Serpents	Wall of Serpents
Wall of Serpents	Wall_of_Serpents
Wall of Serpents	Wall of Serpents
Waterless_Mountain	Waterless_Mountain
Waterless_Mountain	1932_in_literature
Waterless_Mountain	Years_of_Grace
1932_in_literature	Waterless_Mountain
1932_in_literature	1932_in_literature
1932_in_literature	Years_of_Grace
Way_Station_%28novel%29	Way_Station_%28novel%29
Way_Station_%28novel%29	1964_in_literature
Way_Station_%28novel%29	Where_the_Wild_Things_Are
1964_in_literature	Way_Station_%28novel%29
1964_in_literature	1964_in_literature
1964_in_literature	Where_the_Wild_Things_Are
We_Need_to_Talk_About_Kevin	The_Voyage_of_the_Dawn_Treader
We_Need_to_Talk_About_Kevin	2005
We_Need_to_Talk_About_Kevin	We_Need_to_Talk_About_Kevin
What_Happened	What_Happened
What_Happened	2008-06-15
2008-06-15	What_Happened
2008-06-15	2008-06-15
When_You_Are_Engulfed_in_Flames	When_You_Are_Engulfed_in_Flames
When_You_Are_Engulfed_in_Flames	June 22 2008  – July 27 2008
June 22 2008  – July 27 2008	When_You_Are_Engulfed_in_Flames
June 22 2008  – July 27 2008	June 22 2008  – July 27 2008
Where_the_Wild_Things_Are	Way_Station_%28novel%29
Where_the_Wild_Things_Are	1964_in_literature
Where_the_Wild_Things_Are	Where_the_Wild_Things_Are
White_Snow%2C_Bright_Snow	The_Twenty-One_Balloons
White_Snow%2C_Bright_Snow	1948_in_literature
White_Snow%2C_Bright_Snow	White_Snow%2C_Bright_Snow
Why_Mosquitoes_Buzz_in_People%27s_Ears	Why_Mosquitoes_Buzz_in_People%27s_Ears
Why_Mosquitoes_Buzz_in_People%27s_Ears	1976_in_literature
1976_in_literature	Why_Mosquitoes_Buzz_in_People%27s_Ears
1976_in_literature	1976_in_literature
Wizard_of_Venus	Wizard_of_Venus
Wizard_of_Venus	Wizard of Venus
Wizard of Venus	Wizard_of_Venus
Wizard of Venus	Wizard of Venus
Year_of_the_Intern_%28novel%29	Year_of_the_Intern_%28novel%29
Year_of_the_Intern_%28novel%29	1972
1972	Year_of_the_Intern_%28novel%29
1972	1972
Years_of_Grace	Waterless_Mountain
Years_of_Grace	1932_in_literature
Years_of_Grace	Years_of_Grace
Young_Fu_of_the_Upper_Yangtze	Young_Fu_of_the_Upper_Yangtze
Young_Fu_of_the_Upper_Yangtze	1933_in_literature
1933_in_literature	Young_Fu_of_the_Upper_Yangtze
1933_in_literature	1933_in_literature
