wordnet_clothing_103051540	wordnet_clothing_103051540
wordnet_clothing_103051540	wordnet_footwear_103381126
wordnet_clothing_103051540	wordnet_fuel_114875077
wordnet_clothing_103051540	wordnet_motor_vehicle_103791235
wordnet_clothing_103051540	wordnet_foodstuff_107566340
wordnet_clothing_103051540	wordnet_chemical_114806838
wordnet_clothing_103051540	wordnet_machinery_103701640
wordnet_clothing_103051540	wordnet_gold_113371760
wordnet_clothing_103051540	wordnet_plastic_114592610
wordnet_clothing_103051540	wordnet_consumer_goods_103093574
wordnet_clothing_103051540	wordnet_beverage_107881800
wordnet_clothing_103051540	wordnet_base_metal_114618674
wordnet_clothing_103051540	wordnet_mineral_114662574
wordnet_clothing_103051540	wordnet_cigarette_103030663
wordnet_clothing_103051540	wordnet_paper_114974264
wordnet_clothing_103051540	wordnet_narration_107220773
wordnet_footwear_103381126	wordnet_clothing_103051540
wordnet_footwear_103381126	wordnet_footwear_103381126
wordnet_footwear_103381126	wordnet_fuel_114875077
wordnet_footwear_103381126	wordnet_motor_vehicle_103791235
wordnet_footwear_103381126	wordnet_foodstuff_107566340
wordnet_footwear_103381126	wordnet_machinery_103701640
wordnet_footwear_103381126	wordnet_gold_113371760
wordnet_footwear_103381126	wordnet_electronics_106099269
wordnet_footwear_103381126	wordnet_beverage_107881800
wordnet_footwear_103381126	wordnet_base_metal_114618674
wordnet_footwear_103381126	wordnet_mineral_114662574
wordnet_footwear_103381126	wordnet_cigarette_103030663
wordnet_fuel_114875077	wordnet_fuel_114875077
wordnet_fuel_114875077	wordnet_foodstuff_107566340
wordnet_fuel_114875077	wordnet_machinery_103701640
wordnet_fuel_114875077	wordnet_mineral_114662574
wordnet_tobacco_104442831	wordnet_clothing_103051540
wordnet_tobacco_104442831	wordnet_fuel_114875077
wordnet_tobacco_104442831	wordnet_motor_vehicle_103791235
wordnet_tobacco_104442831	wordnet_foodstuff_107566340
wordnet_tobacco_104442831	wordnet_chemical_114806838
wordnet_tobacco_104442831	wordnet_machinery_103701640
wordnet_tobacco_104442831	wordnet_fabric_103309808
wordnet_tobacco_104442831	wordnet_gold_113371760
wordnet_tobacco_104442831	wordnet_petroleum_114980579
wordnet_tobacco_104442831	wordnet_consumer_goods_103093574
wordnet_tobacco_104442831	wordnet_food_100021265
wordnet_tobacco_104442831	wordnet_raw_material_114596700
wordnet_tobacco_104442831	wordnet_cigarette_103030663
wordnet_tobacco_104442831	wordnet_paper_114974264
wordnet_citrus_107747055	wordnet_chemical_114806838
wordnet_citrus_107747055	wordnet_wheat_112142085
wordnet_citrus_107747055	wordnet_petroleum_114980579
wordnet_citrus_107747055	wordnet_food_100021265
wordnet_citrus_107747055	wordnet_transistor_104471632
wordnet_shellfish_107783210	wordnet_chemical_114806838
wordnet_shellfish_107783210	wordnet_petroleum_114980579
wordnet_shellfish_107783210	wordnet_food_100021265
wordnet_sugar_107859284	wordnet_fuel_114875077
wordnet_sugar_107859284	wordnet_motor_vehicle_103791235
wordnet_sugar_107859284	wordnet_foodstuff_107566340
wordnet_sugar_107859284	wordnet_chemical_114806838
wordnet_sugar_107859284	wordnet_wheat_112142085
wordnet_sugar_107859284	wordnet_machinery_103701640
wordnet_sugar_107859284	wordnet_fabric_103309808
wordnet_sugar_107859284	wordnet_electricity_111449907
wordnet_sugar_107859284	wordnet_petroleum_114980579
wordnet_sugar_107859284	wordnet_consumer_goods_103093574
wordnet_sugar_107859284	wordnet_food_100021265
wordnet_sugar_107859284	wordnet_raw_material_114596700
wordnet_coffee_bean_107929351	wordnet_fuel_114875077
wordnet_coffee_bean_107929351	wordnet_motor_vehicle_103791235
wordnet_coffee_bean_107929351	wordnet_foodstuff_107566340
wordnet_coffee_bean_107929351	wordnet_chemical_114806838
wordnet_coffee_bean_107929351	wordnet_machinery_103701640
wordnet_coffee_bean_107929351	wordnet_fabric_103309808
wordnet_coffee_bean_107929351	wordnet_cement_114804487
wordnet_coffee_bean_107929351	wordnet_electronics_106099269
wordnet_coffee_bean_107929351	wordnet_electricity_111449907
wordnet_coffee_bean_107929351	wordnet_fertilizer_114859344
wordnet_coffee_bean_107929351	wordnet_petroleum_114980579
wordnet_coffee_bean_107929351	wordnet_consumer_goods_103093574
wordnet_coffee_bean_107929351	wordnet_food_100021265
wordnet_coffee_bean_107929351	wordnet_medicine_106043075
wordnet_coffee_bean_107929351	wordnet_raw_material_114596700
wordnet_coffee_bean_107929351	wordnet_cereal_112141495
wordnet_coffee_bean_107929351	wordnet_motorcycle_103790512
wordnet_nickel_114646610	wordnet_chemical_114806838
wordnet_nickel_114646610	wordnet_petroleum_114980579
wordnet_nickel_114646610	wordnet_food_100021265
wordnet_shipbuilding_100912822	wordnet_foodstuff_107566340
wordnet_shipbuilding_100912822	wordnet_chemical_114806838
wordnet_shipbuilding_100912822	wordnet_consumer_goods_103093574
wordnet_motor_vehicle_103791235	wordnet_clothing_103051540
wordnet_motor_vehicle_103791235	wordnet_motor_vehicle_103791235
wordnet_motor_vehicle_103791235	wordnet_foodstuff_107566340
wordnet_motor_vehicle_103791235	wordnet_chemical_114806838
wordnet_motor_vehicle_103791235	wordnet_machinery_103701640
wordnet_motor_vehicle_103791235	wordnet_consumer_goods_103093574
wordnet_motor_vehicle_103791235	wordnet_beverage_107881800
wordnet_foodstuff_107566340	wordnet_clothing_103051540
wordnet_foodstuff_107566340	wordnet_footwear_103381126
wordnet_foodstuff_107566340	wordnet_fuel_114875077
wordnet_foodstuff_107566340	wordnet_motor_vehicle_103791235
wordnet_foodstuff_107566340	wordnet_foodstuff_107566340
wordnet_foodstuff_107566340	wordnet_chemical_114806838
wordnet_foodstuff_107566340	wordnet_fabric_103309808
wordnet_foodstuff_107566340	wordnet_pharmaceutical_103920989
wordnet_foodstuff_107566340	wordnet_consumer_goods_103093574
wordnet_foodstuff_107566340	wordnet_vehicle_104524313
wordnet_foodstuff_107566340	wordnet_base_metal_114618674
wordnet_foodstuff_107566340	wordnet_raw_material_114596700
wordnet_foodstuff_107566340	wordnet_energy_111452218
wordnet_chemical_114806838	wordnet_clothing_103051540
wordnet_chemical_114806838	wordnet_fuel_114875077
wordnet_chemical_114806838	wordnet_motor_vehicle_103791235
wordnet_chemical_114806838	wordnet_foodstuff_107566340
wordnet_chemical_114806838	wordnet_chemical_114806838
wordnet_chemical_114806838	wordnet_machinery_103701640
wordnet_chemical_114806838	wordnet_fabric_103309808
wordnet_chemical_114806838	wordnet_pharmaceutical_103920989
wordnet_chemical_114806838	wordnet_meat_107649854
wordnet_chemical_114806838	wordnet_plastic_114592610
wordnet_chemical_114806838	wordnet_aircraft_102686568
wordnet_chemical_114806838	wordnet_electronics_106099269
wordnet_chemical_114806838	wordnet_electricity_111449907
wordnet_chemical_114806838	wordnet_fertilizer_114859344
wordnet_chemical_114806838	wordnet_natural_gas_114960090
wordnet_chemical_114806838	wordnet_petroleum_114980579
wordnet_chemical_114806838	wordnet_consumer_goods_103093574
wordnet_chemical_114806838	wordnet_vehicle_104524313
wordnet_chemical_114806838	wordnet_grain_109290777
wordnet_chemical_114806838	wordnet_metallic_element_114625458
wordnet_chemical_114806838	wordnet_mineral_114662574
wordnet_chemical_114806838	wordnet_medicine_106043075
wordnet_chemical_114806838	wordnet_raw_material_114596700
wordnet_chemical_114806838	wordnet_gem_103432972
wordnet_furniture_103405725	wordnet_chemical_114806838
wordnet_furniture_103405725	wordnet_electricity_111449907
wordnet_furniture_103405725	wordnet_consumer_goods_103093574
wordnet_furniture_103405725	wordnet_food_100021265
wordnet_lumber_114943580	wordnet_motor_vehicle_103791235
wordnet_lumber_114943580	wordnet_machinery_103701640
wordnet_lumber_114943580	wordnet_fabric_103309808
wordnet_lumber_114943580	wordnet_gold_113371760
wordnet_lumber_114943580	wordnet_aircraft_102686568
wordnet_lumber_114943580	wordnet_electronics_106099269
wordnet_lumber_114943580	wordnet_electricity_111449907
wordnet_lumber_114943580	wordnet_rice_107804323
wordnet_lumber_114943580	wordnet_vehicle_104524313
wordnet_lumber_114943580	wordnet_grain_109290777
wordnet_lumber_114943580	wordnet_food_100021265
wordnet_lumber_114943580	wordnet_medicine_106043075
wordnet_lumber_114943580	wordnet_cigarette_103030663
wordnet_diamond_113371958	wordnet_fuel_114875077
wordnet_diamond_113371958	wordnet_foodstuff_107566340
wordnet_diamond_113371958	wordnet_chemical_114806838
wordnet_diamond_113371958	wordnet_fabric_103309808
wordnet_diamond_113371958	wordnet_food_100021265
wordnet_diamond_113371958	wordnet_medicine_106043075
wordnet_diamond_113371958	wordnet_scientific_instrument_104147495
wordnet_sisal_115042654	wordnet_fabric_103309808
wordnet_sisal_115042654	wordnet_food_100021265
wordnet_sisal_115042654	wordnet_medicine_106043075
wordnet_opium_103850966	wordnet_food_100021265
wordnet_wool_104599235	wordnet_fuel_114875077
wordnet_wool_104599235	wordnet_sugar_107859284
wordnet_wool_104599235	wordnet_foodstuff_107566340
wordnet_wool_104599235	wordnet_chemical_114806838
wordnet_wool_104599235	wordnet_car_102958343
wordnet_wool_104599235	wordnet_food_100021265
wordnet_wool_104599235	wordnet_building_material_114786479
wordnet_wheat_112142085	wordnet_plastic_114592610
wordnet_wheat_112142085	wordnet_food_100021265
wordnet_wheat_112142085	wordnet_paper_114974264
wordnet_wheat_112142085	wordnet_narration_107220773
wordnet_cotton_114870078	wordnet_clothing_103051540
wordnet_cotton_114870078	wordnet_foodstuff_107566340
wordnet_cotton_114870078	wordnet_machinery_103701640
wordnet_cotton_114870078	wordnet_plastic_114592610
wordnet_cotton_114870078	wordnet_electricity_111449907
wordnet_cotton_114870078	wordnet_petroleum_114980579
wordnet_cotton_114870078	wordnet_food_100021265
wordnet_cotton_114870078	wordnet_paper_114974264
wordnet_cotton_114870078	wordnet_narration_107220773
wordnet_fruit_113134947	wordnet_clothing_103051540
wordnet_fruit_113134947	wordnet_foodstuff_107566340
wordnet_fruit_113134947	wordnet_chemical_114806838
wordnet_fruit_113134947	wordnet_furniture_103405725
wordnet_fruit_113134947	wordnet_car_102958343
wordnet_fruit_113134947	wordnet_machinery_103701640
wordnet_fruit_113134947	wordnet_fabric_103309808
wordnet_fruit_113134947	wordnet_plastic_114592610
wordnet_fruit_113134947	wordnet_aircraft_102686568
wordnet_fruit_113134947	wordnet_natural_gas_114960090
wordnet_fruit_113134947	wordnet_rice_107804323
wordnet_fruit_113134947	wordnet_consumer_goods_103093574
wordnet_fruit_113134947	wordnet_vehicle_104524313
wordnet_fruit_113134947	wordnet_grain_109290777
wordnet_fruit_113134947	wordnet_medicine_106043075
wordnet_fruit_113134947	wordnet_building_material_114786479
wordnet_fruit_113134947	wordnet_paper_114974264
wordnet_car_102958343	wordnet_machinery_103701640
wordnet_car_102958343	wordnet_electronics_106099269
wordnet_machinery_103701640	wordnet_clothing_103051540
wordnet_machinery_103701640	wordnet_motor_vehicle_103791235
wordnet_machinery_103701640	wordnet_foodstuff_107566340
wordnet_machinery_103701640	wordnet_chemical_114806838
wordnet_machinery_103701640	wordnet_machinery_103701640
wordnet_machinery_103701640	wordnet_fabric_103309808
wordnet_machinery_103701640	wordnet_plastic_114592610
wordnet_machinery_103701640	wordnet_electronics_106099269
wordnet_machinery_103701640	wordnet_petroleum_114980579
wordnet_machinery_103701640	wordnet_vehicle_104524313
wordnet_machinery_103701640	wordnet_grain_109290777
wordnet_soy_112532564	wordnet_machinery_103701640
wordnet_soy_112532564	wordnet_electronics_106099269
wordnet_iron_ore_114923458	wordnet_machinery_103701640
wordnet_iron_ore_114923458	wordnet_electronics_106099269
wordnet_fabric_103309808	wordnet_fuel_114875077
wordnet_fabric_103309808	wordnet_motor_vehicle_103791235
wordnet_fabric_103309808	wordnet_foodstuff_107566340
wordnet_fabric_103309808	wordnet_chemical_114806838
wordnet_fabric_103309808	wordnet_machinery_103701640
wordnet_fabric_103309808	wordnet_fabric_103309808
wordnet_fabric_103309808	wordnet_plastic_114592610
wordnet_fabric_103309808	wordnet_electronics_106099269
wordnet_fabric_103309808	wordnet_electricity_111449907
wordnet_fabric_103309808	wordnet_petroleum_114980579
wordnet_fabric_103309808	wordnet_consumer_goods_103093574
wordnet_fabric_103309808	wordnet_vehicle_104524313
wordnet_fabric_103309808	wordnet_beverage_107881800
wordnet_fabric_103309808	wordnet_food_100021265
wordnet_ceramics_100935247	wordnet_chemical_114806838
wordnet_ceramics_100935247	wordnet_food_100021265
wordnet_garment_103419014	wordnet_fuel_114875077
wordnet_garment_103419014	wordnet_foodstuff_107566340
wordnet_garment_103419014	wordnet_chemical_114806838
wordnet_garment_103419014	wordnet_cement_114804487
wordnet_garment_103419014	wordnet_plastic_114592610
wordnet_garment_103419014	wordnet_fertilizer_114859344
wordnet_garment_103419014	wordnet_grain_109290777
wordnet_garment_103419014	wordnet_food_100021265
wordnet_garment_103419014	wordnet_cereal_112141495
wordnet_garment_103419014	wordnet_motorcycle_103790512
wordnet_pharmaceutical_103920989	wordnet_chemical_114806838
wordnet_pharmaceutical_103920989	wordnet_consumer_goods_103093574
wordnet_pharmaceutical_103920989	wordnet_food_100021265
wordnet_ship_104194289	wordnet_foodstuff_107566340
wordnet_ship_104194289	wordnet_chemical_114806838
wordnet_ship_104194289	wordnet_metallic_element_114625458
wordnet_ship_104194289	wordnet_food_100021265
wordnet_produce_107705711	wordnet_chemical_114806838
wordnet_produce_107705711	wordnet_food_100021265
wordnet_leather_114759722	wordnet_chemical_114806838
wordnet_leather_114759722	wordnet_food_100021265
wordnet_cement_114804487	wordnet_motor_vehicle_103791235
wordnet_cement_114804487	wordnet_chemical_114806838
wordnet_cement_114804487	wordnet_fabric_103309808
wordnet_cement_114804487	wordnet_aircraft_102686568
wordnet_cement_114804487	wordnet_rice_107804323
wordnet_cement_114804487	wordnet_vehicle_104524313
wordnet_cement_114804487	wordnet_grain_109290777
wordnet_cement_114804487	wordnet_food_100021265
wordnet_meat_107649854	wordnet_foodstuff_107566340
wordnet_meat_107649854	wordnet_fabric_103309808
wordnet_meat_107649854	wordnet_plastic_114592610
wordnet_meat_107649854	wordnet_electronics_106099269
wordnet_meat_107649854	wordnet_petroleum_114980579
wordnet_copper_114635722	wordnet_fuel_114875077
wordnet_copper_114635722	wordnet_sugar_107859284
wordnet_copper_114635722	wordnet_foodstuff_107566340
wordnet_copper_114635722	wordnet_chemical_114806838
wordnet_copper_114635722	wordnet_furniture_103405725
wordnet_copper_114635722	wordnet_car_102958343
wordnet_copper_114635722	wordnet_gold_113371760
wordnet_copper_114635722	wordnet_aircraft_102686568
wordnet_copper_114635722	wordnet_natural_gas_114960090
wordnet_copper_114635722	wordnet_vehicle_104524313
wordnet_copper_114635722	wordnet_building_material_114786479
wordnet_cannon_fodder_109891300	wordnet_foodstuff_107566340
wordnet_cannon_fodder_109891300	wordnet_car_102958343
wordnet_cannon_fodder_109891300	wordnet_machinery_103701640
wordnet_cannon_fodder_109891300	wordnet_building_material_114786479
wordnet_sand_115019030	wordnet_foodstuff_107566340
wordnet_sand_115019030	wordnet_car_102958343
wordnet_sand_115019030	wordnet_machinery_103701640
wordnet_sand_115019030	wordnet_building_material_114786479
wordnet_livestock_101887474	wordnet_fuel_114875077
wordnet_livestock_101887474	wordnet_sugar_107859284
wordnet_livestock_101887474	wordnet_foodstuff_107566340
wordnet_livestock_101887474	wordnet_chemical_114806838
wordnet_livestock_101887474	wordnet_wheat_112142085
wordnet_livestock_101887474	wordnet_car_102958343
wordnet_livestock_101887474	wordnet_machinery_103701640
wordnet_livestock_101887474	wordnet_fabric_103309808
wordnet_livestock_101887474	wordnet_petroleum_114980579
wordnet_livestock_101887474	wordnet_building_material_114786479
wordnet_livestock_101887474	wordnet_cereal_112141495
wordnet_gold_113371760	wordnet_fuel_114875077
wordnet_gold_113371760	wordnet_motor_vehicle_103791235
wordnet_gold_113371760	wordnet_foodstuff_107566340
wordnet_gold_113371760	wordnet_chemical_114806838
wordnet_gold_113371760	wordnet_machinery_103701640
wordnet_gold_113371760	wordnet_fabric_103309808
wordnet_gold_113371760	wordnet_petroleum_114980579
wordnet_gold_113371760	wordnet_consumer_goods_103093574
wordnet_gold_113371760	wordnet_food_100021265
wordnet_gold_113371760	wordnet_raw_material_114596700
wordnet_gold_113371760	wordnet_cereal_112141495
wordnet_gold_113371760	wordnet_scientific_instrument_104147495
wordnet_handicraft_103485655	wordnet_fabric_103309808
wordnet_handicraft_103485655	wordnet_aircraft_102686568
wordnet_handicraft_103485655	wordnet_rice_107804323
wordnet_handicraft_103485655	wordnet_vehicle_104524313
wordnet_handicraft_103485655	wordnet_grain_109290777
wordnet_jewel_103596787	wordnet_fabric_103309808
wordnet_jewel_103596787	wordnet_aircraft_102686568
wordnet_jewel_103596787	wordnet_rice_107804323
wordnet_jewel_103596787	wordnet_vehicle_104524313
wordnet_jewel_103596787	wordnet_grain_109290777
wordnet_cardamom_112358293	wordnet_fabric_103309808
wordnet_cardamom_112358293	wordnet_aircraft_102686568
wordnet_cardamom_112358293	wordnet_rice_107804323
wordnet_cardamom_112358293	wordnet_vehicle_104524313
wordnet_cardamom_112358293	wordnet_grain_109290777
wordnet_gypsum_114677778	wordnet_fabric_103309808
wordnet_gypsum_114677778	wordnet_aircraft_102686568
wordnet_gypsum_114677778	wordnet_rice_107804323
wordnet_gypsum_114677778	wordnet_vehicle_104524313
wordnet_gypsum_114677778	wordnet_grain_109290777
wordnet_spice_115050011	wordnet_fabric_103309808
wordnet_spice_115050011	wordnet_aircraft_102686568
wordnet_spice_115050011	wordnet_rice_107804323
wordnet_spice_115050011	wordnet_vehicle_104524313
wordnet_spice_115050011	wordnet_grain_109290777
wordnet_plastic_114592610	wordnet_chemical_114806838
wordnet_plastic_114592610	wordnet_plastic_114592610
wordnet_plastic_114592610	wordnet_aircraft_102686568
wordnet_plastic_114592610	wordnet_electronics_106099269
wordnet_plastic_114592610	wordnet_electricity_111449907
wordnet_plastic_114592610	wordnet_petroleum_114980579
wordnet_plastic_114592610	wordnet_vehicle_104524313
wordnet_aircraft_102686568	wordnet_chemical_114806838
wordnet_aircraft_102686568	wordnet_furniture_103405725
wordnet_aircraft_102686568	wordnet_plastic_114592610
wordnet_aircraft_102686568	wordnet_aircraft_102686568
wordnet_aircraft_102686568	wordnet_electronics_106099269
wordnet_aircraft_102686568	wordnet_electricity_111449907
wordnet_aircraft_102686568	wordnet_petroleum_114980579
wordnet_aircraft_102686568	wordnet_vehicle_104524313
wordnet_aircraft_102686568	wordnet_medicine_106043075
wordnet_electronics_106099269	wordnet_electronics_106099269
wordnet_electronics_106099269	wordnet_electricity_111449907
wordnet_electronics_106099269	wordnet_beverage_107881800
wordnet_electricity_111449907	wordnet_fuel_114875077
wordnet_electricity_111449907	wordnet_foodstuff_107566340
wordnet_electricity_111449907	wordnet_electronics_106099269
wordnet_electricity_111449907	wordnet_electricity_111449907
wordnet_electricity_111449907	wordnet_petroleum_114980579
wordnet_electricity_111449907	wordnet_consumer_goods_103093574
wordnet_aluminum_114627820	wordnet_furniture_103405725
wordnet_aluminum_114627820	wordnet_gold_113371760
wordnet_aluminum_114627820	wordnet_aircraft_102686568
wordnet_aluminum_114627820	wordnet_electronics_106099269
wordnet_aluminum_114627820	wordnet_electricity_111449907
wordnet_fertilizer_114859344	wordnet_furniture_103405725
wordnet_fertilizer_114859344	wordnet_gold_113371760
wordnet_fertilizer_114859344	wordnet_aircraft_102686568
wordnet_fertilizer_114859344	wordnet_electronics_106099269
wordnet_fertilizer_114859344	wordnet_electricity_111449907
wordnet_natural_gas_114960090	wordnet_machinery_103701640
wordnet_natural_gas_114960090	wordnet_meat_107649854
wordnet_natural_gas_114960090	wordnet_plastic_114592610
wordnet_natural_gas_114960090	wordnet_electronics_106099269
wordnet_natural_gas_114960090	wordnet_electricity_111449907
wordnet_natural_gas_114960090	wordnet_consumer_goods_103093574
wordnet_natural_gas_114960090	wordnet_vehicle_104524313
wordnet_natural_gas_114960090	wordnet_medicine_106043075
wordnet_wood_pulp_115103634	wordnet_motor_vehicle_103791235
wordnet_wood_pulp_115103634	wordnet_foodstuff_107566340
wordnet_wood_pulp_115103634	wordnet_chemical_114806838
wordnet_wood_pulp_115103634	wordnet_machinery_103701640
wordnet_wood_pulp_115103634	wordnet_electronics_106099269
wordnet_wood_pulp_115103634	wordnet_electricity_111449907
wordnet_apparel_102728440	wordnet_fuel_114875077
wordnet_apparel_102728440	wordnet_sugar_107859284
wordnet_apparel_102728440	wordnet_foodstuff_107566340
wordnet_apparel_102728440	wordnet_chemical_114806838
wordnet_apparel_102728440	wordnet_car_102958343
wordnet_apparel_102728440	wordnet_plastic_114592610
wordnet_apparel_102728440	wordnet_building_material_114786479
wordnet_fish_102512053	wordnet_fuel_114875077
wordnet_fish_102512053	wordnet_motor_vehicle_103791235
wordnet_fish_102512053	wordnet_foodstuff_107566340
wordnet_fish_102512053	wordnet_chemical_114806838
wordnet_fish_102512053	wordnet_wheat_112142085
wordnet_fish_102512053	wordnet_machinery_103701640
wordnet_fish_102512053	wordnet_fabric_103309808
wordnet_fish_102512053	wordnet_gold_113371760
wordnet_fish_102512053	wordnet_plastic_114592610
wordnet_fish_102512053	wordnet_electronics_106099269
wordnet_fish_102512053	wordnet_petroleum_114980579
wordnet_fish_102512053	wordnet_consumer_goods_103093574
wordnet_fish_102512053	wordnet_metallic_element_114625458
wordnet_fish_102512053	wordnet_food_100021265
wordnet_fish_102512053	wordnet_transistor_104471632
wordnet_fish_102512053	wordnet_cigarette_103030663
wordnet_rice_107804323	wordnet_motor_vehicle_103791235
wordnet_rice_107804323	wordnet_machinery_103701640
wordnet_rice_107804323	wordnet_cement_114804487
wordnet_rice_107804323	wordnet_gold_113371760
wordnet_rice_107804323	wordnet_fertilizer_114859344
wordnet_rice_107804323	wordnet_cigarette_103030663
wordnet_rice_107804323	wordnet_cereal_112141495
wordnet_rice_107804323	wordnet_motorcycle_103790512
wordnet_rubber_115006258	wordnet_fuel_114875077
wordnet_rubber_115006258	wordnet_motor_vehicle_103791235
wordnet_rubber_115006258	wordnet_foodstuff_107566340
wordnet_rubber_115006258	wordnet_chemical_114806838
wordnet_rubber_115006258	wordnet_machinery_103701640
wordnet_rubber_115006258	wordnet_cement_114804487
wordnet_rubber_115006258	wordnet_gold_113371760
wordnet_rubber_115006258	wordnet_plastic_114592610
wordnet_rubber_115006258	wordnet_electronics_106099269
wordnet_rubber_115006258	wordnet_fertilizer_114859344
wordnet_rubber_115006258	wordnet_vehicle_104524313
wordnet_rubber_115006258	wordnet_cigarette_103030663
wordnet_rubber_115006258	wordnet_cereal_112141495
wordnet_rubber_115006258	wordnet_motorcycle_103790512
wordnet_wine_107891726	wordnet_fuel_114875077
wordnet_wine_107891726	wordnet_chemical_114806838
wordnet_wine_107891726	wordnet_pharmaceutical_103920989
wordnet_wine_107891726	wordnet_natural_gas_114960090
wordnet_wine_107891726	wordnet_vehicle_104524313
wordnet_wine_107891726	wordnet_food_100021265
wordnet_melon_107755411	wordnet_petroleum_114980579
wordnet_melon_107755411	wordnet_consumer_goods_103093574
wordnet_melon_107755411	wordnet_raw_material_114596700
wordnet_banana_112352287	wordnet_foodstuff_107566340
wordnet_banana_112352287	wordnet_chemical_114806838
wordnet_banana_112352287	wordnet_petroleum_114980579
wordnet_banana_112352287	wordnet_consumer_goods_103093574
wordnet_banana_112352287	wordnet_raw_material_114596700
wordnet_pineapple_112607456	wordnet_petroleum_114980579
wordnet_pineapple_112607456	wordnet_consumer_goods_103093574
wordnet_pineapple_112607456	wordnet_raw_material_114596700
wordnet_cobalt_114635290	wordnet_clothing_103051540
wordnet_cobalt_114635290	wordnet_fuel_114875077
wordnet_cobalt_114635290	wordnet_foodstuff_107566340
wordnet_cobalt_114635290	wordnet_machinery_103701640
wordnet_cobalt_114635290	wordnet_electricity_111449907
wordnet_petroleum_114980579	wordnet_fuel_114875077
wordnet_petroleum_114980579	wordnet_foodstuff_107566340
wordnet_petroleum_114980579	wordnet_chemical_114806838
wordnet_petroleum_114980579	wordnet_plastic_114592610
wordnet_petroleum_114980579	wordnet_paper_114974264
wordnet_petroleum_114980579	wordnet_narration_107220773
wordnet_windmill_104587559	wordnet_chemical_114806838
wordnet_windmill_104587559	wordnet_consumer_goods_103093574
wordnet_dairy_product_107843775	wordnet_chemical_114806838
wordnet_dairy_product_107843775	wordnet_consumer_goods_103093574
wordnet_salt_115010703	wordnet_chemical_114806838
wordnet_salt_115010703	wordnet_consumer_goods_103093574
wordnet_consumer_goods_103093574	wordnet_foodstuff_107566340
wordnet_consumer_goods_103093574	wordnet_chemical_114806838
wordnet_consumer_goods_103093574	wordnet_petroleum_114980579
wordnet_consumer_goods_103093574	wordnet_consumer_goods_103093574
wordnet_cacao_bean_107754894	wordnet_fuel_114875077
wordnet_cacao_bean_107754894	wordnet_foodstuff_107566340
wordnet_cacao_bean_107754894	wordnet_chemical_114806838
wordnet_cacao_bean_107754894	wordnet_machinery_103701640
wordnet_cacao_bean_107754894	wordnet_petroleum_114980579
wordnet_cacao_bean_107754894	wordnet_food_100021265
wordnet_silver_114654954	wordnet_foodstuff_107566340
wordnet_silver_114654954	wordnet_petroleum_114980579
wordnet_runt_110543544	wordnet_fuel_114875077
wordnet_runt_110543544	wordnet_foodstuff_107566340
wordnet_runt_110543544	wordnet_chemical_114806838
wordnet_runt_110543544	wordnet_electricity_111449907
wordnet_runt_110543544	wordnet_petroleum_114980579
wordnet_runt_110543544	wordnet_consumer_goods_103093574
wordnet_kat_103608870	wordnet_motor_vehicle_103791235
wordnet_kat_103608870	wordnet_machinery_103701640
wordnet_kat_103608870	wordnet_fabric_103309808
wordnet_kat_103608870	wordnet_cereal_112141495
wordnet_oilseed_111689483	wordnet_motor_vehicle_103791235
wordnet_oilseed_111689483	wordnet_machinery_103701640
wordnet_oilseed_111689483	wordnet_fabric_103309808
wordnet_oilseed_111689483	wordnet_cereal_112141495
wordnet_vehicle_104524313	wordnet_fuel_114875077
wordnet_vehicle_104524313	wordnet_pharmaceutical_103920989
wordnet_vehicle_104524313	wordnet_vehicle_104524313
wordnet_mineral_water_107936745	wordnet_fuel_114875077
wordnet_mineral_water_107936745	wordnet_pharmaceutical_103920989
wordnet_mineral_water_107936745	wordnet_vehicle_104524313
wordnet_ore_114688500	wordnet_fuel_114875077
wordnet_ore_114688500	wordnet_pharmaceutical_103920989
wordnet_ore_114688500	wordnet_vehicle_104524313
wordnet_scrap_metal_114857737	wordnet_fuel_114875077
wordnet_scrap_metal_114857737	wordnet_pharmaceutical_103920989
wordnet_scrap_metal_114857737	wordnet_vehicle_104524313
wordnet_cashew_107772147	wordnet_foodstuff_107566340
wordnet_peanuts_113413016	wordnet_foodstuff_107566340
wordnet_software_106566077	wordnet_fuel_114875077
wordnet_software_106566077	wordnet_chemical_114806838
wordnet_software_106566077	wordnet_machinery_103701640
wordnet_software_106566077	wordnet_fertilizer_114859344
wordnet_software_106566077	wordnet_petroleum_114980579
wordnet_software_106566077	wordnet_consumer_goods_103093574
wordnet_software_106566077	wordnet_grain_109290777
wordnet_software_106566077	wordnet_raw_material_114596700
wordnet_software_106566077	wordnet_gem_103432972
wordnet_computer_103082979	wordnet_clothing_103051540
wordnet_computer_103082979	wordnet_chemical_114806838
wordnet_computer_103082979	wordnet_furniture_103405725
wordnet_computer_103082979	wordnet_fabric_103309808
wordnet_computer_103082979	wordnet_medicine_106043075
wordnet_animal_product_114700745	wordnet_clothing_103051540
wordnet_animal_product_114700745	wordnet_fuel_114875077
wordnet_animal_product_114700745	wordnet_sugar_107859284
wordnet_animal_product_114700745	wordnet_foodstuff_107566340
wordnet_animal_product_114700745	wordnet_chemical_114806838
wordnet_animal_product_114700745	wordnet_car_102958343
wordnet_animal_product_114700745	wordnet_fabric_103309808
wordnet_animal_product_114700745	wordnet_building_material_114786479
wordnet_plywood_103971218	wordnet_fuel_114875077
wordnet_plywood_103971218	wordnet_foodstuff_107566340
wordnet_plywood_103971218	wordnet_chemical_114806838
wordnet_grain_109290777	wordnet_foodstuff_107566340
wordnet_coal_114814616	wordnet_foodstuff_107566340
wordnet_seaweed_101397497	wordnet_food_100021265
wordnet_metallic_element_114625458	wordnet_fuel_114875077
wordnet_metallic_element_114625458	wordnet_foodstuff_107566340
wordnet_metallic_element_114625458	wordnet_chemical_114806838
wordnet_metallic_element_114625458	wordnet_machinery_103701640
wordnet_metallic_element_114625458	wordnet_fabric_103309808
wordnet_metallic_element_114625458	wordnet_meat_107649854
wordnet_metallic_element_114625458	wordnet_plastic_114592610
wordnet_metallic_element_114625458	wordnet_consumer_goods_103093574
wordnet_metallic_element_114625458	wordnet_vehicle_104524313
wordnet_metallic_element_114625458	wordnet_metallic_element_114625458
wordnet_metallic_element_114625458	wordnet_medicine_106043075
wordnet_glass_114881303	wordnet_foodstuff_107566340
wordnet_glass_114881303	wordnet_metallic_element_114625458
wordnet_glass_114881303	wordnet_mineral_114662574
wordnet_plaything_103964744	wordnet_beverage_107881800
wordnet_beverage_107881800	wordnet_fuel_114875077
wordnet_beverage_107881800	wordnet_foodstuff_107566340
wordnet_beverage_107881800	wordnet_chemical_114806838
wordnet_beverage_107881800	wordnet_car_102958343
wordnet_beverage_107881800	wordnet_machinery_103701640
wordnet_beverage_107881800	wordnet_plastic_114592610
wordnet_beverage_107881800	wordnet_aircraft_102686568
wordnet_beverage_107881800	wordnet_petroleum_114980579
wordnet_beverage_107881800	wordnet_vehicle_104524313
wordnet_food_100021265	wordnet_fuel_114875077
wordnet_food_100021265	wordnet_foodstuff_107566340
wordnet_food_100021265	wordnet_chemical_114806838
wordnet_food_100021265	wordnet_car_102958343
wordnet_electronic_equipment_103278248	wordnet_chemical_114806838
wordnet_electronic_equipment_103278248	wordnet_machinery_103701640
wordnet_electronic_equipment_103278248	wordnet_plastic_114592610
wordnet_electronic_equipment_103278248	wordnet_electronics_106099269
wordnet_electronic_equipment_103278248	wordnet_vehicle_104524313
wordnet_palm_oil_107674617	wordnet_fuel_114875077
wordnet_palm_oil_107674617	wordnet_chemical_114806838
wordnet_palm_oil_107674617	wordnet_machinery_103701640
wordnet_palm_oil_107674617	wordnet_plastic_114592610
wordnet_palm_oil_107674617	wordnet_electronics_106099269
wordnet_palm_oil_107674617	wordnet_vehicle_104524313
wordnet_palm_oil_107674617	wordnet_food_100021265
wordnet_vegetable_107707451	wordnet_wheat_112142085
wordnet_vegetable_107707451	wordnet_transistor_104471632
wordnet_cashmere_102977330	wordnet_fuel_114875077
wordnet_cashmere_102977330	wordnet_sugar_107859284
wordnet_cashmere_102977330	wordnet_foodstuff_107566340
wordnet_cashmere_102977330	wordnet_chemical_114806838
wordnet_cashmere_102977330	wordnet_car_102958343
wordnet_cashmere_102977330	wordnet_building_material_114786479
wordnet_fluorite_114675356	wordnet_fuel_114875077
wordnet_fluorite_114675356	wordnet_sugar_107859284
wordnet_fluorite_114675356	wordnet_foodstuff_107566340
wordnet_fluorite_114675356	wordnet_chemical_114806838
wordnet_fluorite_114675356	wordnet_car_102958343
wordnet_fluorite_114675356	wordnet_building_material_114786479
wordnet_hide_114759275	wordnet_fuel_114875077
wordnet_hide_114759275	wordnet_sugar_107859284
wordnet_hide_114759275	wordnet_foodstuff_107566340
wordnet_hide_114759275	wordnet_chemical_114806838
wordnet_hide_114759275	wordnet_car_102958343
wordnet_hide_114759275	wordnet_food_100021265
wordnet_hide_114759275	wordnet_building_material_114786479
wordnet_transistor_104471632	wordnet_wheat_112142085
wordnet_transistor_104471632	wordnet_transistor_104471632
wordnet_lead_105157143	wordnet_chemical_114806838
wordnet_lead_105157143	wordnet_furniture_103405725
wordnet_lead_105157143	wordnet_gold_113371760
wordnet_lead_105157143	wordnet_aircraft_102686568
wordnet_zinc_114661977	wordnet_chemical_114806838
wordnet_beef_102404186	wordnet_furniture_103405725
wordnet_beef_102404186	wordnet_gold_113371760
wordnet_beef_102404186	wordnet_aircraft_102686568
wordnet_beef_102404186	wordnet_consumer_goods_103093574
wordnet_beef_102404186	wordnet_raw_material_114596700
wordnet_onion_112433081	wordnet_foodstuff_107566340
wordnet_onion_112433081	wordnet_machinery_103701640
wordnet_onion_112433081	wordnet_petroleum_114980579
wordnet_onion_112433081	wordnet_cereal_112141495
wordnet_cowpea_112578916	wordnet_foodstuff_107566340
wordnet_cowpea_112578916	wordnet_machinery_103701640
wordnet_cowpea_112578916	wordnet_petroleum_114980579
wordnet_cowpea_112578916	wordnet_cereal_112141495
wordnet_uranium_ore_115084824	wordnet_foodstuff_107566340
wordnet_uranium_ore_115084824	wordnet_machinery_103701640
wordnet_uranium_ore_115084824	wordnet_petroleum_114980579
wordnet_uranium_ore_115084824	wordnet_cereal_112141495
wordnet_spiny_lobster_107793260	wordnet_fuel_114875077
wordnet_spiny_lobster_107793260	wordnet_chemical_114806838
wordnet_spiny_lobster_107793260	wordnet_food_100021265
wordnet_prawn_107794159	wordnet_fuel_114875077
wordnet_prawn_107794159	wordnet_chemical_114806838
wordnet_prawn_107794159	wordnet_food_100021265
wordnet_log_114942762	wordnet_fuel_114875077
wordnet_log_114942762	wordnet_chemical_114806838
wordnet_log_114942762	wordnet_food_100021265
wordnet_base_metal_114618674	wordnet_clothing_103051540
wordnet_base_metal_114618674	wordnet_footwear_103381126
wordnet_base_metal_114618674	wordnet_foodstuff_107566340
wordnet_base_metal_114618674	wordnet_base_metal_114618674
wordnet_coconut_oil_107674161	wordnet_chemical_114806838
wordnet_coconut_oil_107674161	wordnet_plastic_114592610
wordnet_coconut_oil_107674161	wordnet_grain_109290777
wordnet_watch_104555897	wordnet_chemical_114806838
wordnet_watch_104555897	wordnet_machinery_103701640
wordnet_watch_104555897	wordnet_fabric_103309808
wordnet_watch_104555897	wordnet_vehicle_104524313
wordnet_emerald_114849655	wordnet_foodstuff_107566340
wordnet_emerald_114849655	wordnet_petroleum_114980579
wordnet_wood_115098161	wordnet_food_100021265
wordnet_baked_goods_107622061	wordnet_food_100021265
wordnet_chestnut_112262905	wordnet_food_100021265
wordnet_calcium_hydroxide_114936010	wordnet_food_100021265
wordnet_platinum_114649543	wordnet_foodstuff_107566340
wordnet_platinum_114649543	wordnet_chemical_114806838
wordnet_platinum_114649543	wordnet_scientific_instrument_104147495
wordnet_groundnut_112507379	wordnet_foodstuff_107566340
wordnet_groundnut_112507379	wordnet_wheat_112142085
wordnet_groundnut_112507379	wordnet_fabric_103309808
wordnet_sesame_112874783	wordnet_foodstuff_107566340
wordnet_sesame_112874783	wordnet_wheat_112142085
wordnet_sesame_112874783	wordnet_fabric_103309808
wordnet_gum_arabic_114900963	wordnet_foodstuff_107566340
wordnet_gum_arabic_114900963	wordnet_wheat_112142085
wordnet_gum_arabic_114900963	wordnet_fabric_103309808
wordnet_refrigerator_104070727	wordnet_motor_vehicle_103791235
wordnet_refrigerator_104070727	wordnet_foodstuff_107566340
wordnet_refrigerator_104070727	wordnet_chemical_114806838
wordnet_refrigerator_104070727	wordnet_machinery_103701640
wordnet_vanilla_bean_107828642	wordnet_fuel_114875077
wordnet_vanilla_bean_107828642	wordnet_foodstuff_107566340
wordnet_vanilla_bean_107828642	wordnet_chemical_114806838
wordnet_root_crop_113126308	wordnet_fuel_114875077
wordnet_root_crop_113126308	wordnet_foodstuff_107566340
wordnet_root_crop_113126308	wordnet_chemical_114806838
wordnet_pepper_113149506	wordnet_cement_114804487
wordnet_pepper_113149506	wordnet_fertilizer_114859344
wordnet_pepper_113149506	wordnet_cereal_112141495
wordnet_pepper_113149506	wordnet_motorcycle_103790512
wordnet_place_113926786	wordnet_fuel_114875077
wordnet_place_113926786	wordnet_foodstuff_107566340
wordnet_place_113926786	wordnet_cement_114804487
wordnet_place_113926786	wordnet_fertilizer_114859344
wordnet_place_113926786	wordnet_cereal_112141495
wordnet_place_113926786	wordnet_motorcycle_103790512
wordnet_flower_111669921	wordnet_clothing_103051540
wordnet_flower_111669921	wordnet_machinery_103701640
wordnet_flower_111669921	wordnet_electricity_111449907
wordnet_cast_113913566	wordnet_fish_102512053
